URL,Access_Frequency,Content_Size,Last_Access_Time,Access_Frequency_Over_Time,Storage_Cost,Content_Type,Data_Freshness,Cache_Hit_Miss
http://localhost:5000/video/item_54.mp4,7,6814,2024-09-03 23:18:39,70000000000.0,68.14,mp4,10000000000.0,Miss
http://localhost:5000/video/item_58.mp4,8,1496,2024-09-03 23:06:05,80000000000.0,14.96,mp4,10000000000.0,Miss
http://localhost:5000/video/item_76.mp4,3,7858,2024-09-03 23:45:43,30000000000.0,78.58,mp4,10000000000.0,Miss
http://localhost:5000/video/item_15.mp4,3,6204,2024-09-03 23:44:47,30000000000.0,62.04,mp4,10000000000.0,Miss
http://localhost:5000/video/item_56.mp4,1,7731,2024-09-03 23:34:09,10000000000.0,77.31,mp4,10000000000.0,Miss
http://localhost:5000/video/item_53.mp4,5,7348,2024-09-03 23:06:13,50000000000.0,73.48,mp4,10000000000.0,Miss
http://localhost:5000/video/item_58.mp4,8,2838,2024-09-03 23:22:05,80000000000.0,28.38,mp4,10000000000.0,Hit
http://localhost:5000/video/item_87.mp4,7,7123,2024-09-03 23:29:49,70000000000.0,71.23,mp4,10000000000.0,Miss
http://localhost:5000/video/item_88.mp4,7,1893,2024-09-03 23:39:43,70000000000.0,18.93,mp4,10000000000.0,Miss
http://localhost:5000/video/item_97.mp4,10,3900,2024-09-03 23:33:24,100000000000.0,39.0,mp4,10000000000.0,Miss
http://localhost:5000/video/item_17.mp4,4,5486,2024-09-03 23:47:07,40000000000.0,54.86,mp4,10000000000.0,Miss
http://localhost:5000/video/item_13.mp4,10,8453,2024-09-03 23:58:30,100000000000.0,84.53,mp4,10000000000.0,Miss
http://localhost:5000/video/item_6.mp4,7,4932,2024-09-03 23:56:12,70000000000.0,49.32,mp4,10000000000.0,Miss
http://localhost:5000/video/item_61.mp4,3,3908,2024-09-03 23:33:18,30000000000.0,39.08,mp4,10000000000.0,Miss
http://localhost:5000/video/item_46.mp4,5,6996,2024-09-03 23:24:59,50000000000.0,69.96000000000001,mp4,10000000000.0,Miss
http://localhost:5000/video/item_2.mp4,8,6906,2024-09-03 23:29:49,80000000000.0,69.06,mp4,10000000000.0,Miss
http://localhost:5000/video/item_74.mp4,4,4688,2024-09-03 23:00:41,40000000000.0,46.88,mp4,10000000000.0,Miss
http://localhost:5000/video/item_97.mp4,10,7429,2024-09-03 23:01:17,100000000000.0,74.29,mp4,10000000000.0,Hit
http://localhost:5000/video/item_52.mp4,6,6075,2024-09-03 23:28:20,60000000000.0,60.75,mp4,10000000000.0,Miss
http://localhost:5000/video/item_29.mp4,6,8054,2024-09-03 23:43:58,60000000000.0,80.54,mp4,10000000000.0,Miss
http://localhost:5000/video/item_53.mp4,5,6705,2024-09-03 23:18:48,50000000000.0,67.05,mp4,10000000000.0,Hit
http://localhost:5000/video/item_43.mp4,4,4897,2024-09-03 23:42:39,40000000000.0,48.97,mp4,10000000000.0,Miss
http://localhost:5000/video/item_50.mp4,9,5029,2024-09-03 23:49:42,90000000000.0,50.29,mp4,10000000000.0,Miss
http://localhost:5000/video/item_25.mp4,3,4605,2024-09-03 23:06:10,30000000000.0,46.050000000000004,mp4,10000000000.0,Miss
http://localhost:5000/video/item_97.mp4,10,4058,2024-09-03 23:48:16,100000000000.0,40.58,mp4,10000000000.0,Hit
http://localhost:5000/video/item_48.mp4,3,5460,2024-09-03 23:28:51,30000000000.0,54.6,mp4,10000000000.0,Miss
http://localhost:5000/video/item_87.mp4,7,6857,2024-09-03 23:17:10,70000000000.0,68.57000000000001,mp4,10000000000.0,Miss
http://localhost:5000/video/item_88.mp4,7,1944,2024-09-03 23:03:36,70000000000.0,19.44,mp4,10000000000.0,Hit
http://localhost:5000/video/item_62.mp4,4,1025,2024-09-03 23:53:11,40000000000.0,10.25,mp4,10000000000.0,Miss
http://localhost:5000/video/item_61.mp4,3,8062,2024-09-03 23:09:51,30000000000.0,80.62,mp4,10000000000.0,Hit
http://localhost:5000/video/item_8.mp4,9,6892,2024-09-03 23:52:27,90000000000.0,68.92,mp4,10000000000.0,Miss
http://localhost:5000/video/item_74.mp4,4,4550,2024-09-03 23:53:07,40000000000.0,45.5,mp4,10000000000.0,Hit
http://localhost:5000/video/item_26.mp4,6,4863,2024-09-03 23:24:58,60000000000.0,48.63,mp4,10000000000.0,Miss
http://localhost:5000/video/item_14.mp4,6,1487,2024-09-03 23:14:01,60000000000.0,14.870000000000001,mp4,10000000000.0,Miss
http://localhost:5000/video/item_68.mp4,4,4656,2024-09-03 23:56:35,40000000000.0,46.56,mp4,10000000000.0,Miss
http://localhost:5000/video/item_72.mp4,3,4179,2024-09-03 23:31:33,30000000000.0,41.79,mp4,10000000000.0,Miss
http://localhost:5000/video/item_9.mp4,6,6062,2024-09-03 23:12:44,60000000000.0,60.620000000000005,mp4,10000000000.0,Miss
http://localhost:5000/video/item_14.mp4,6,8794,2024-09-03 23:40:18,60000000000.0,87.94,mp4,10000000000.0,Hit
http://localhost:5000/video/item_75.mp4,2,1926,2024-09-03 23:43:49,20000000000.0,19.26,mp4,10000000000.0,Miss
http://localhost:5000/video/item_82.mp4,6,9230,2024-09-03 22:59:12,60000000000.0,92.3,mp4,10000000000.0,Miss
http://localhost:5000/video/item_90.mp4,4,1876,2024-09-03 23:19:19,40000000000.0,18.76,mp4,10000000000.0,Miss
http://localhost:5000/video/item_68.mp4,4,1746,2024-09-03 23:50:32,40000000000.0,17.46,mp4,10000000000.0,Hit
http://localhost:5000/video/item_8.mp4,9,2639,2024-09-03 23:15:32,90000000000.0,26.39,mp4,10000000000.0,Hit
http://localhost:5000/video/item_35.mp4,4,6317,2024-09-03 23:34:50,40000000000.0,63.17,mp4,10000000000.0,Miss
http://localhost:5000/video/item_69.mp4,6,2387,2024-09-03 23:47:00,60000000000.0,23.87,mp4,10000000000.0,Miss
http://localhost:5000/video/item_2.mp4,8,3240,2024-09-03 23:24:11,80000000000.0,32.4,mp4,10000000000.0,Hit
http://localhost:5000/video/item_19.mp4,5,6119,2024-09-03 23:57:01,50000000000.0,61.19,mp4,10000000000.0,Miss
http://localhost:5000/video/item_13.mp4,10,6990,2024-09-03 23:33:24,100000000000.0,69.9,mp4,10000000000.0,Miss
http://localhost:5000/video/item_55.mp4,8,3058,2024-09-03 23:50:44,80000000000.0,30.580000000000002,mp4,10000000000.0,Miss
http://localhost:5000/video/item_63.mp4,6,3609,2024-09-03 23:54:25,60000000000.0,36.09,mp4,10000000000.0,Miss
http://localhost:5000/video/item_83.mp4,5,2613,2024-09-03 23:22:35,50000000000.0,26.13,mp4,10000000000.0,Miss
http://localhost:5000/video/item_55.mp4,8,9320,2024-09-03 23:48:21,80000000000.0,93.2,mp4,10000000000.0,Hit
http://localhost:5000/video/item_64.mp4,4,6410,2024-09-03 23:46:07,40000000000.0,64.1,mp4,10000000000.0,Miss
http://localhost:5000/video/item_21.mp4,8,9848,2024-09-03 23:20:18,80000000000.0,98.48,mp4,10000000000.0,Miss
http://localhost:5000/video/item_54.mp4,7,3970,2024-09-03 23:31:59,70000000000.0,39.7,mp4,10000000000.0,Hit
http://localhost:5000/video/item_81.mp4,4,7714,2024-09-03 23:35:03,40000000000.0,77.14,mp4,10000000000.0,Miss
http://localhost:5000/video/item_14.mp4,6,3846,2024-09-03 23:53:50,60000000000.0,38.46,mp4,10000000000.0,Hit
http://localhost:5000/video/item_11.mp4,7,5841,2024-09-03 23:26:59,70000000000.0,58.410000000000004,mp4,10000000000.0,Miss
http://localhost:5000/video/item_58.mp4,8,1955,2024-09-03 23:42:24,80000000000.0,19.55,mp4,10000000000.0,Hit
http://localhost:5000/video/item_43.mp4,4,8327,2024-09-03 23:22:28,40000000000.0,83.27,mp4,10000000000.0,Hit
http://localhost:5000/video/item_79.mp4,5,9773,2024-09-03 23:44:34,50000000000.0,97.73,mp4,10000000000.0,Miss
http://localhost:5000/video/item_82.mp4,6,8532,2024-09-03 23:12:23,60000000000.0,85.32000000000001,mp4,10000000000.0,Hit
http://localhost:5000/video/item_84.mp4,3,3314,2024-09-03 23:21:01,30000000000.0,33.14,mp4,10000000000.0,Miss
http://localhost:5000/video/item_64.mp4,4,5195,2024-09-03 23:37:11,40000000000.0,51.95,mp4,10000000000.0,Hit
http://localhost:5000/video/item_30.mp4,6,2650,2024-09-03 23:47:34,60000000000.0,26.5,mp4,10000000000.0,Miss
http://localhost:5000/video/item_0.mp4,7,1083,2024-09-03 23:58:47,70000000000.0,10.83,mp4,10000000000.0,Miss
http://localhost:5000/video/item_26.mp4,6,5080,2024-09-03 23:32:17,60000000000.0,50.800000000000004,mp4,10000000000.0,Hit
http://localhost:5000/video/item_13.mp4,10,8240,2024-09-03 23:03:11,100000000000.0,82.4,mp4,10000000000.0,Hit
http://localhost:5000/video/item_55.mp4,8,1665,2024-09-03 23:50:46,80000000000.0,16.65,mp4,10000000000.0,Hit
http://localhost:5000/video/item_40.mp4,3,1662,2024-09-03 23:52:11,30000000000.0,16.62,mp4,10000000000.0,Miss
http://localhost:5000/video/item_8.mp4,9,4965,2024-09-03 23:55:45,90000000000.0,49.65,mp4,10000000000.0,Hit
http://localhost:5000/video/item_72.mp4,3,3403,2024-09-03 23:51:18,30000000000.0,34.03,mp4,10000000000.0,Hit
http://localhost:5000/video/item_48.mp4,3,7742,2024-09-03 23:54:32,30000000000.0,77.42,mp4,10000000000.0,Hit
http://localhost:5000/video/item_79.mp4,5,9118,2024-09-03 23:16:44,50000000000.0,91.18,mp4,10000000000.0,Hit
http://localhost:5000/video/item_60.mp4,7,5366,2024-09-03 23:51:25,70000000000.0,53.660000000000004,mp4,10000000000.0,Miss
http://localhost:5000/video/item_10.mp4,4,7761,2024-09-03 23:14:27,40000000000.0,77.61,mp4,10000000000.0,Miss
http://localhost:5000/video/item_10.mp4,4,7770,2024-09-03 23:55:06,40000000000.0,77.7,mp4,10000000000.0,Hit
http://localhost:5000/video/item_13.mp4,10,4037,2024-09-03 23:02:57,100000000000.0,40.37,mp4,10000000000.0,Hit
http://localhost:5000/video/item_32.mp4,6,3058,2024-09-03 23:41:42,60000000000.0,30.580000000000002,mp4,10000000000.0,Miss
http://localhost:5000/video/item_60.mp4,7,8611,2024-09-03 23:33:26,70000000000.0,86.11,mp4,10000000000.0,Hit
http://localhost:5000/video/item_83.mp4,5,8816,2024-09-03 23:25:53,50000000000.0,88.16,mp4,10000000000.0,Hit
http://localhost:5000/video/item_63.mp4,6,4820,2024-09-03 23:16:19,60000000000.0,48.2,mp4,10000000000.0,Hit
http://localhost:5000/video/item_65.mp4,7,6921,2024-09-03 23:08:14,70000000000.0,69.21000000000001,mp4,10000000000.0,Miss
http://localhost:5000/video/item_34.mp4,3,4438,2024-09-03 23:57:08,30000000000.0,44.38,mp4,10000000000.0,Miss
http://localhost:5000/video/item_73.mp4,7,3083,2024-09-03 23:35:03,70000000000.0,30.830000000000002,mp4,10000000000.0,Miss
http://localhost:5000/video/item_8.mp4,9,5251,2024-09-03 23:16:42,90000000000.0,52.51,mp4,10000000000.0,Hit
http://localhost:5000/video/item_7.mp4,5,2898,2024-09-03 23:53:28,50000000000.0,28.98,mp4,10000000000.0,Miss
http://localhost:5000/video/item_8.mp4,9,3208,2024-09-03 23:40:23,90000000000.0,32.08,mp4,10000000000.0,Hit
http://localhost:5000/video/item_67.mp4,7,3911,2024-09-03 23:36:07,70000000000.0,39.11,mp4,10000000000.0,Miss
http://localhost:5000/video/item_30.mp4,6,6066,2024-09-03 23:24:07,60000000000.0,60.660000000000004,mp4,10000000000.0,Hit
http://localhost:5000/video/item_1.mp4,6,8661,2024-09-03 23:46:34,60000000000.0,86.61,mp4,10000000000.0,Miss
http://localhost:5000/video/item_81.mp4,4,9064,2024-09-03 23:35:27,40000000000.0,90.64,mp4,10000000000.0,Hit
http://localhost:5000/video/item_93.mp4,5,2863,2024-09-03 23:19:16,50000000000.0,28.63,mp4,10000000000.0,Miss
http://localhost:5000/video/item_80.mp4,4,8229,2024-09-03 23:26:44,40000000000.0,82.29,mp4,10000000000.0,Miss
http://localhost:5000/video/item_38.mp4,6,4159,2024-09-03 23:55:23,60000000000.0,41.59,mp4,10000000000.0,Miss
http://localhost:5000/video/item_1.mp4,6,4043,2024-09-03 23:06:50,60000000000.0,40.43,mp4,10000000000.0,Hit
http://localhost:5000/video/item_23.mp4,4,4201,2024-09-03 23:09:28,40000000000.0,42.01,mp4,10000000000.0,Miss
http://localhost:5000/video/item_65.mp4,7,5323,2024-09-03 23:07:29,70000000000.0,53.230000000000004,mp4,10000000000.0,Hit
http://localhost:5000/video/item_70.mp4,8,3585,2024-09-03 23:25:39,80000000000.0,35.85,mp4,10000000000.0,Miss
http://localhost:5000/video/item_50.mp4,9,5219,2024-09-03 23:54:42,90000000000.0,52.19,mp4,10000000000.0,Hit
http://localhost:5000/video/item_93.mp4,5,7854,2024-09-03 23:10:55,50000000000.0,78.54,mp4,10000000000.0,Hit
http://localhost:5000/video/item_37.mp4,5,2375,2024-09-03 23:55:36,50000000000.0,23.75,mp4,10000000000.0,Miss
http://localhost:5000/video/item_94.mp4,4,3308,2024-09-03 23:39:44,40000000000.0,33.08,mp4,10000000000.0,Miss
http://localhost:5000/video/item_94.mp4,4,9432,2024-09-03 23:00:09,40000000000.0,94.32000000000001,mp4,10000000000.0,Hit
http://localhost:5000/video/item_52.mp4,6,7369,2024-09-03 23:32:03,60000000000.0,73.69,mp4,10000000000.0,Hit
http://localhost:5000/video/item_73.mp4,7,2239,2024-09-03 23:14:34,70000000000.0,22.39,mp4,10000000000.0,Hit
http://localhost:5000/video/item_36.mp4,6,4273,2024-09-03 23:45:00,60000000000.0,42.730000000000004,mp4,10000000000.0,Miss
http://localhost:5000/video/item_70.mp4,8,7276,2024-09-03 23:27:21,80000000000.0,72.76,mp4,10000000000.0,Hit
http://localhost:5000/video/item_54.mp4,7,1916,2024-09-03 23:37:31,70000000000.0,19.16,mp4,10000000000.0,Hit
http://localhost:5000/video/item_65.mp4,7,5269,2024-09-03 23:09:03,70000000000.0,52.69,mp4,10000000000.0,Hit
http://localhost:5000/video/item_85.mp4,8,2985,2024-09-03 23:40:35,80000000000.0,29.85,mp4,10000000000.0,Miss
http://localhost:5000/video/item_63.mp4,6,1098,2024-09-03 23:03:53,60000000000.0,10.98,mp4,10000000000.0,Miss
http://localhost:5000/video/item_54.mp4,7,2628,2024-09-03 23:25:41,70000000000.0,26.28,mp4,10000000000.0,Hit
http://localhost:5000/video/item_87.mp4,7,8113,2024-09-03 23:13:21,70000000000.0,81.13,mp4,10000000000.0,Hit
http://localhost:5000/video/item_50.mp4,9,3482,2024-09-03 23:50:36,90000000000.0,34.82,mp4,10000000000.0,Hit
http://localhost:5000/video/item_70.mp4,8,9756,2024-09-03 23:58:17,80000000000.0,97.56,mp4,10000000000.0,Hit
http://localhost:5000/video/item_1.mp4,6,5804,2024-09-03 23:52:27,60000000000.0,58.04,mp4,10000000000.0,Hit
http://localhost:5000/video/item_83.mp4,5,7581,2024-09-03 23:12:22,50000000000.0,75.81,mp4,10000000000.0,Hit
http://localhost:5000/video/item_12.mp4,3,2280,2024-09-03 23:55:15,30000000000.0,22.8,mp4,10000000000.0,Miss
http://localhost:5000/video/item_86.mp4,4,4262,2024-09-03 23:03:12,40000000000.0,42.62,mp4,10000000000.0,Miss
http://localhost:5000/video/item_33.mp4,5,7230,2024-09-03 23:25:35,50000000000.0,72.3,mp4,10000000000.0,Miss
http://localhost:5000/video/item_11.mp4,7,3266,2024-09-03 23:48:01,70000000000.0,32.660000000000004,mp4,10000000000.0,Hit
http://localhost:5000/video/item_33.mp4,5,3997,2024-09-03 23:00:36,50000000000.0,39.97,mp4,10000000000.0,Hit
http://localhost:5000/video/item_13.mp4,10,7125,2024-09-03 22:59:07,100000000000.0,71.25,mp4,10000000000.0,Hit
http://localhost:5000/video/item_20.mp4,4,1853,2024-09-03 23:46:40,40000000000.0,18.53,mp4,10000000000.0,Miss
http://localhost:5000/video/item_67.mp4,7,1186,2024-09-03 23:00:25,70000000000.0,11.86,mp4,10000000000.0,Hit
http://localhost:5000/video/item_0.mp4,7,1475,2024-09-03 23:53:57,70000000000.0,14.75,mp4,10000000000.0,Hit
http://localhost:5000/video/item_67.mp4,7,5191,2024-09-03 23:31:17,70000000000.0,51.910000000000004,mp4,10000000000.0,Hit
http://localhost:5000/video/item_76.mp4,3,4326,2024-09-03 23:53:53,30000000000.0,43.26,mp4,10000000000.0,Hit
http://localhost:5000/video/item_0.mp4,7,5804,2024-09-03 23:46:36,70000000000.0,58.04,mp4,10000000000.0,Hit
http://localhost:5000/video/item_13.mp4,10,5790,2024-09-03 23:53:19,100000000000.0,57.9,mp4,10000000000.0,Hit
http://localhost:5000/video/item_30.mp4,6,1149,2024-09-03 23:55:26,60000000000.0,11.49,mp4,10000000000.0,Hit
http://localhost:5000/video/item_31.mp4,2,1159,2024-09-03 23:43:03,20000000000.0,11.59,mp4,10000000000.0,Miss
http://localhost:5000/video/item_16.mp4,5,8362,2024-09-03 23:52:47,50000000000.0,83.62,mp4,10000000000.0,Miss
http://localhost:5000/video/item_22.mp4,6,9236,2024-09-03 23:18:13,60000000000.0,92.36,mp4,10000000000.0,Miss
http://localhost:5000/video/item_78.mp4,4,8756,2024-09-03 23:38:40,40000000000.0,87.56,mp4,10000000000.0,Miss
http://localhost:5000/video/item_7.mp4,5,1684,2024-09-03 23:25:38,50000000000.0,16.84,mp4,10000000000.0,Hit
http://localhost:5000/video/item_16.mp4,5,7810,2024-09-03 23:37:41,50000000000.0,78.10000000000001,mp4,10000000000.0,Hit
http://localhost:5000/video/item_42.mp4,4,9260,2024-09-03 23:19:01,40000000000.0,92.60000000000001,mp4,10000000000.0,Miss
http://localhost:5000/video/item_94.mp4,4,7246,2024-09-03 23:19:07,40000000000.0,72.46000000000001,mp4,10000000000.0,Hit
http://localhost:5000/video/item_24.mp4,6,5300,2024-09-03 23:08:14,60000000000.0,53.0,mp4,10000000000.0,Miss
http://localhost:5000/video/item_70.mp4,8,4043,2024-09-03 23:08:10,80000000000.0,40.43,mp4,10000000000.0,Hit
http://localhost:5000/video/item_96.mp4,8,2878,2024-09-03 23:41:41,80000000000.0,28.78,mp4,10000000000.0,Miss
http://localhost:5000/video/item_97.mp4,10,7455,2024-09-03 23:03:38,100000000000.0,74.55,mp4,10000000000.0,Hit
http://localhost:5000/video/item_20.mp4,4,7769,2024-09-03 23:28:30,40000000000.0,77.69,mp4,10000000000.0,Hit
http://localhost:5000/video/item_20.mp4,4,3592,2024-09-03 23:14:59,40000000000.0,35.92,mp4,10000000000.0,Hit
http://localhost:5000/video/item_4.mp4,6,3919,2024-09-03 23:53:01,60000000000.0,39.19,mp4,10000000000.0,Miss
http://localhost:5000/video/item_11.mp4,7,1685,2024-09-03 23:20:44,70000000000.0,16.85,mp4,10000000000.0,Hit
http://localhost:5000/video/item_9.mp4,6,9632,2024-09-03 23:12:14,60000000000.0,96.32000000000001,mp4,10000000000.0,Hit
http://localhost:5000/video/item_38.mp4,6,4856,2024-09-03 23:17:10,60000000000.0,48.56,mp4,10000000000.0,Hit
http://localhost:5000/video/item_67.mp4,7,7367,2024-09-03 23:38:36,70000000000.0,73.67,mp4,10000000000.0,Hit
http://localhost:5000/video/item_32.mp4,6,5961,2024-09-03 23:09:32,60000000000.0,59.61,mp4,10000000000.0,Hit
http://localhost:5000/video/item_5.mp4,5,2606,2024-09-03 23:16:28,50000000000.0,26.060000000000002,mp4,10000000000.0,Miss
http://localhost:5000/video/item_60.mp4,7,2399,2024-09-03 23:15:00,70000000000.0,23.990000000000002,mp4,10000000000.0,Hit
http://localhost:5000/video/item_64.mp4,4,9437,2024-09-03 23:56:18,40000000000.0,94.37,mp4,10000000000.0,Hit
http://localhost:5000/video/item_22.mp4,6,4810,2024-09-03 23:35:36,60000000000.0,48.1,mp4,10000000000.0,Hit
http://localhost:5000/video/item_11.mp4,7,5066,2024-09-03 23:04:20,70000000000.0,50.660000000000004,mp4,10000000000.0,Hit
http://localhost:5000/video/item_91.mp4,1,5413,2024-09-03 23:34:58,10000000000.0,54.13,mp4,10000000000.0,Miss
http://localhost:5000/video/item_30.mp4,6,5141,2024-09-03 23:48:07,60000000000.0,51.410000000000004,mp4,10000000000.0,Hit
http://localhost:5000/video/item_58.mp4,8,8892,2024-09-03 23:38:00,80000000000.0,88.92,mp4,10000000000.0,Hit
http://localhost:5000/video/item_27.mp4,3,6831,2024-09-03 23:30:21,30000000000.0,68.31,mp4,10000000000.0,Miss
http://localhost:5000/video/item_80.mp4,4,1956,2024-09-03 23:09:26,40000000000.0,19.56,mp4,10000000000.0,Hit
http://localhost:5000/video/item_22.mp4,6,7065,2024-09-03 23:58:39,60000000000.0,70.65,mp4,10000000000.0,Hit
http://localhost:5000/video/item_53.mp4,5,2923,2024-09-03 23:32:22,50000000000.0,29.23,mp4,10000000000.0,Hit
http://localhost:5000/video/item_21.mp4,8,8270,2024-09-03 23:01:31,80000000000.0,82.7,mp4,10000000000.0,Hit
http://localhost:5000/video/item_79.mp4,5,7214,2024-09-03 23:10:02,50000000000.0,72.14,mp4,10000000000.0,Hit
http://localhost:5000/video/item_62.mp4,4,8561,2024-09-03 23:41:41,40000000000.0,85.61,mp4,10000000000.0,Hit
http://localhost:5000/video/item_33.mp4,5,9949,2024-09-03 23:23:05,50000000000.0,99.49000000000001,mp4,10000000000.0,Hit
http://localhost:5000/video/item_52.mp4,6,6716,2024-09-03 23:29:03,60000000000.0,67.16,mp4,10000000000.0,Hit
http://localhost:5000/video/item_18.mp4,6,3288,2024-09-03 23:36:22,60000000000.0,32.88,mp4,10000000000.0,Miss
http://localhost:5000/video/item_41.mp4,4,5567,2024-09-03 23:22:41,40000000000.0,55.67,mp4,10000000000.0,Miss
http://localhost:5000/video/item_2.mp4,8,5982,2024-09-03 23:50:35,80000000000.0,59.82,mp4,10000000000.0,Hit
http://localhost:5000/video/item_6.mp4,7,1858,2024-09-03 23:32:51,70000000000.0,18.580000000000002,mp4,10000000000.0,Hit
http://localhost:5000/video/item_97.mp4,10,7879,2024-09-03 23:06:40,100000000000.0,78.79,mp4,10000000000.0,Hit
http://localhost:5000/video/item_86.mp4,4,8005,2024-09-03 23:15:28,40000000000.0,80.05,mp4,10000000000.0,Hit
http://localhost:5000/video/item_37.mp4,5,3679,2024-09-03 23:21:22,50000000000.0,36.79,mp4,10000000000.0,Hit
http://localhost:5000/video/item_22.mp4,6,6124,2024-09-03 23:15:40,60000000000.0,61.24,mp4,10000000000.0,Hit
http://localhost:5000/video/item_85.mp4,8,2629,2024-09-03 23:24:00,80000000000.0,26.29,mp4,10000000000.0,Hit
http://localhost:5000/video/item_98.mp4,4,9821,2024-09-03 23:45:01,40000000000.0,98.21000000000001,mp4,10000000000.0,Miss
http://localhost:5000/video/item_5.mp4,5,8570,2024-09-03 23:21:49,50000000000.0,85.7,mp4,10000000000.0,Hit
http://localhost:5000/video/item_71.mp4,7,9606,2024-09-03 23:19:57,70000000000.0,96.06,mp4,10000000000.0,Miss
http://localhost:5000/video/item_40.mp4,3,9337,2024-09-03 23:56:51,30000000000.0,93.37,mp4,10000000000.0,Hit
http://localhost:5000/video/item_21.mp4,8,5954,2024-09-03 23:27:59,80000000000.0,59.54,mp4,10000000000.0,Hit
http://localhost:5000/video/item_65.mp4,7,1891,2024-09-03 23:36:01,70000000000.0,18.91,mp4,10000000000.0,Hit
http://localhost:5000/video/item_78.mp4,4,7142,2024-09-03 23:27:37,40000000000.0,71.42,mp4,10000000000.0,Hit
http://localhost:5000/video/item_45.mp4,8,5827,2024-09-03 23:11:40,80000000000.0,58.27,mp4,10000000000.0,Miss
http://localhost:5000/video/item_38.mp4,6,4893,2024-09-03 23:25:13,60000000000.0,48.93,mp4,10000000000.0,Hit
http://localhost:5000/video/item_82.mp4,6,1587,2024-09-03 23:56:12,60000000000.0,15.870000000000001,mp4,10000000000.0,Hit
http://localhost:5000/video/item_10.mp4,4,9563,2024-09-03 23:17:39,40000000000.0,95.63,mp4,10000000000.0,Hit
http://localhost:5000/video/item_51.mp4,3,8160,2024-09-03 23:22:50,30000000000.0,81.60000000000001,mp4,10000000000.0,Miss
http://localhost:5000/video/item_88.mp4,7,3536,2024-09-03 23:43:34,70000000000.0,35.36,mp4,10000000000.0,Hit
http://localhost:5000/video/item_43.mp4,4,9142,2024-09-03 23:07:47,40000000000.0,91.42,mp4,10000000000.0,Hit
http://localhost:5000/video/item_51.mp4,3,9120,2024-09-03 23:47:49,30000000000.0,91.2,mp4,10000000000.0,Hit
http://localhost:5000/video/item_93.mp4,5,9529,2024-09-03 23:40:49,50000000000.0,95.29,mp4,10000000000.0,Hit
http://localhost:5000/video/item_53.mp4,5,6586,2024-09-03 23:18:58,50000000000.0,65.86,mp4,10000000000.0,Hit
http://localhost:5000/video/item_4.mp4,6,8124,2024-09-03 23:45:40,60000000000.0,81.24,mp4,10000000000.0,Hit
http://localhost:5000/video/item_72.mp4,3,6375,2024-09-03 23:22:56,30000000000.0,63.75,mp4,10000000000.0,Hit
http://localhost:5000/video/item_71.mp4,7,6159,2024-09-03 23:02:46,70000000000.0,61.59,mp4,10000000000.0,Hit
http://localhost:5000/video/item_81.mp4,4,1599,2024-09-03 23:53:13,40000000000.0,15.99,mp4,10000000000.0,Hit
http://localhost:5000/video/item_63.mp4,6,3868,2024-09-03 23:47:50,60000000000.0,38.68,mp4,10000000000.0,Hit
http://localhost:5000/video/item_8.mp4,9,2683,2024-09-03 23:00:39,90000000000.0,26.830000000000002,mp4,10000000000.0,Hit
http://localhost:5000/video/item_18.mp4,6,3678,2024-09-03 23:38:44,60000000000.0,36.78,mp4,10000000000.0,Hit
http://localhost:5000/video/item_33.mp4,5,6291,2024-09-03 23:34:29,50000000000.0,62.910000000000004,mp4,10000000000.0,Hit
http://localhost:5000/video/item_96.mp4,8,5414,2024-09-03 23:55:27,80000000000.0,54.14,mp4,10000000000.0,Hit
http://localhost:5000/video/item_58.mp4,8,3053,2024-09-03 23:41:51,80000000000.0,30.53,mp4,10000000000.0,Hit
http://localhost:5000/video/item_79.mp4,5,2217,2024-09-03 23:57:52,50000000000.0,22.17,mp4,10000000000.0,Hit
http://localhost:5000/video/item_43.mp4,4,6717,2024-09-03 23:22:32,40000000000.0,67.17,mp4,10000000000.0,Hit
http://localhost:5000/video/item_16.mp4,5,7193,2024-09-03 23:24:32,50000000000.0,71.93,mp4,10000000000.0,Hit
http://localhost:5000/video/item_26.mp4,6,5053,2024-09-03 23:07:13,60000000000.0,50.53,mp4,10000000000.0,Hit
http://localhost:5000/video/item_46.mp4,5,2662,2024-09-03 23:08:53,50000000000.0,26.62,mp4,10000000000.0,Hit
http://localhost:5000/video/item_50.mp4,9,5254,2024-09-03 23:30:43,90000000000.0,52.54,mp4,10000000000.0,Hit
http://localhost:5000/video/item_20.mp4,4,4010,2024-09-03 23:23:38,40000000000.0,40.1,mp4,10000000000.0,Hit
http://localhost:5000/video/item_34.mp4,3,9459,2024-09-03 23:44:21,30000000000.0,94.59,mp4,10000000000.0,Hit
http://localhost:5000/video/item_52.mp4,6,6070,2024-09-03 23:57:29,60000000000.0,60.7,mp4,10000000000.0,Hit
http://localhost:5000/video/item_98.mp4,4,2562,2024-09-03 23:08:41,40000000000.0,25.62,mp4,10000000000.0,Hit
http://localhost:5000/video/item_11.mp4,7,4104,2024-09-03 23:13:37,70000000000.0,41.04,mp4,10000000000.0,Hit
http://localhost:5000/video/item_88.mp4,7,6380,2024-09-03 23:24:04,70000000000.0,63.800000000000004,mp4,10000000000.0,Hit
http://localhost:5000/video/item_88.mp4,7,4885,2024-09-03 23:57:00,70000000000.0,48.85,mp4,10000000000.0,Hit
http://localhost:5000/video/item_62.mp4,4,6715,2024-09-03 23:21:34,40000000000.0,67.15,mp4,10000000000.0,Hit
http://localhost:5000/video/item_18.mp4,6,7351,2024-09-03 23:11:31,60000000000.0,73.51,mp4,10000000000.0,Hit
http://localhost:5000/video/item_63.mp4,6,4839,2024-09-03 23:00:46,60000000000.0,48.39,mp4,10000000000.0,Hit
http://localhost:5000/video/item_3.mp4,3,5974,2024-09-03 23:30:44,30000000000.0,59.74,mp4,10000000000.0,Miss
http://localhost:5000/video/item_37.mp4,5,3585,2024-09-03 23:10:57,50000000000.0,35.85,mp4,10000000000.0,Hit
http://localhost:5000/video/item_89.mp4,7,2398,2024-09-03 23:24:36,70000000000.0,23.98,mp4,10000000000.0,Miss
http://localhost:5000/video/item_45.mp4,8,7078,2024-09-03 23:17:09,80000000000.0,70.78,mp4,10000000000.0,Hit
http://localhost:5000/video/item_68.mp4,4,3625,2024-09-03 23:52:01,40000000000.0,36.25,mp4,10000000000.0,Hit
http://localhost:5000/video/item_34.mp4,3,7370,2024-09-03 23:41:21,30000000000.0,73.7,mp4,10000000000.0,Hit
http://localhost:5000/video/item_78.mp4,4,2290,2024-09-03 23:33:55,40000000000.0,22.900000000000002,mp4,10000000000.0,Hit
http://localhost:5000/video/item_70.mp4,8,4835,2024-09-03 23:55:59,80000000000.0,48.35,mp4,10000000000.0,Hit
http://localhost:5000/video/item_7.mp4,5,5077,2024-09-03 23:46:41,50000000000.0,50.77,mp4,10000000000.0,Hit
http://localhost:5000/video/item_19.mp4,5,1728,2024-09-03 23:38:07,50000000000.0,17.28,mp4,10000000000.0,Hit
http://localhost:5000/video/item_97.mp4,10,9430,2024-09-03 23:28:26,100000000000.0,94.3,mp4,10000000000.0,Hit
http://localhost:5000/video/item_21.mp4,8,3578,2024-09-03 23:28:25,80000000000.0,35.78,mp4,10000000000.0,Hit
http://localhost:5000/video/item_80.mp4,4,4282,2024-09-03 23:53:58,40000000000.0,42.82,mp4,10000000000.0,Hit
http://localhost:5000/video/item_85.mp4,8,1282,2024-09-03 23:26:25,80000000000.0,12.82,mp4,10000000000.0,Hit
http://localhost:5000/video/item_14.mp4,6,1329,2024-09-03 23:48:34,60000000000.0,13.290000000000001,mp4,10000000000.0,Hit
http://localhost:5000/video/item_59.mp4,2,4315,2024-09-03 23:20:26,20000000000.0,43.15,mp4,10000000000.0,Miss
http://localhost:5000/video/item_21.mp4,8,6188,2024-09-03 23:24:21,80000000000.0,61.88,mp4,10000000000.0,Hit
http://localhost:5000/video/item_54.mp4,7,7565,2024-09-03 23:56:18,70000000000.0,75.65,mp4,10000000000.0,Hit
http://localhost:5000/video/item_97.mp4,10,6354,2024-09-03 23:25:40,100000000000.0,63.54,mp4,10000000000.0,Hit
http://localhost:5000/video/item_2.mp4,8,8998,2024-09-03 23:30:17,80000000000.0,89.98,mp4,10000000000.0,Hit
http://localhost:5000/video/item_39.mp4,8,9448,2024-09-03 23:53:06,80000000000.0,94.48,mp4,10000000000.0,Miss
http://localhost:5000/video/item_71.mp4,7,8432,2024-09-03 23:26:13,70000000000.0,84.32000000000001,mp4,10000000000.0,Hit
http://localhost:5000/video/item_78.mp4,4,3317,2024-09-03 23:27:27,40000000000.0,33.17,mp4,10000000000.0,Hit
http://localhost:5000/video/item_88.mp4,7,6403,2024-09-03 23:34:02,70000000000.0,64.03,mp4,10000000000.0,Hit
http://localhost:5000/video/item_57.mp4,4,7815,2024-09-03 23:43:03,40000000000.0,78.15,mp4,10000000000.0,Miss
http://localhost:5000/video/item_85.mp4,8,6111,2024-09-03 23:57:50,80000000000.0,61.11,mp4,10000000000.0,Hit
http://localhost:5000/video/item_67.mp4,7,8008,2024-09-03 23:47:57,70000000000.0,80.08,mp4,10000000000.0,Hit
http://localhost:5000/video/item_0.mp4,7,1380,2024-09-03 23:48:54,70000000000.0,13.8,mp4,10000000000.0,Hit
http://localhost:5000/video/item_89.mp4,7,7354,2024-09-03 23:45:53,70000000000.0,73.54,mp4,10000000000.0,Hit
http://localhost:5000/video/item_52.mp4,6,6772,2024-09-03 23:55:53,60000000000.0,67.72,mp4,10000000000.0,Hit
http://localhost:5000/video/item_74.mp4,4,7802,2024-09-03 23:41:21,40000000000.0,78.02,mp4,10000000000.0,Miss
http://localhost:5000/video/item_83.mp4,5,6806,2024-09-03 23:42:10,50000000000.0,68.06,mp4,10000000000.0,Miss
http://localhost:5000/video/item_87.mp4,7,7588,2024-09-03 23:17:38,70000000000.0,75.88,mp4,10000000000.0,Miss
http://localhost:5000/video/item_23.mp4,4,2066,2024-09-03 23:17:35,40000000000.0,20.66,mp4,10000000000.0,Miss
http://localhost:5000/video/item_45.mp4,8,8716,2024-09-03 23:02:46,80000000000.0,87.16,mp4,10000000000.0,Hit
http://localhost:5000/video/item_12.mp4,3,8213,2024-09-03 23:38:57,30000000000.0,82.13,mp4,10000000000.0,Miss
http://localhost:5000/video/item_93.mp4,5,1289,2024-09-03 23:48:58,50000000000.0,12.89,mp4,10000000000.0,Hit
http://localhost:5000/video/item_88.mp4,7,2711,2024-09-03 23:13:41,70000000000.0,27.11,mp4,10000000000.0,Hit
http://localhost:5000/video/item_41.mp4,4,6138,2024-09-03 23:16:18,40000000000.0,61.38,mp4,10000000000.0,Hit
http://localhost:5000/video/item_57.mp4,4,6017,2024-09-03 23:12:57,40000000000.0,60.17,mp4,10000000000.0,Hit
http://localhost:5000/video/item_60.mp4,7,9672,2024-09-03 23:12:45,70000000000.0,96.72,mp4,10000000000.0,Hit
http://localhost:5000/video/item_6.mp4,7,9692,2024-09-03 23:37:58,70000000000.0,96.92,mp4,10000000000.0,Hit
http://localhost:5000/video/item_73.mp4,7,8478,2024-09-03 23:04:12,70000000000.0,84.78,mp4,10000000000.0,Miss
http://localhost:5000/video/item_29.mp4,6,6944,2024-09-03 23:10:56,60000000000.0,69.44,mp4,10000000000.0,Miss
http://localhost:5000/video/item_36.mp4,6,1842,2024-09-03 23:22:26,60000000000.0,18.42,mp4,10000000000.0,Miss
http://localhost:5000/video/item_26.mp4,6,2322,2024-09-03 23:20:25,60000000000.0,23.22,mp4,10000000000.0,Hit
http://localhost:5000/video/item_11.mp4,7,7588,2024-09-03 23:55:09,70000000000.0,75.88,mp4,10000000000.0,Hit
http://localhost:5000/video/item_99.mp4,2,6280,2024-09-03 23:10:31,20000000000.0,62.800000000000004,mp4,10000000000.0,Miss
http://localhost:5000/video/item_39.mp4,8,7710,2024-09-03 23:40:38,80000000000.0,77.10000000000001,mp4,10000000000.0,Hit
http://localhost:5000/video/item_89.mp4,7,6492,2024-09-03 23:49:08,70000000000.0,64.92,mp4,10000000000.0,Hit
http://localhost:5000/video/item_55.mp4,8,3096,2024-09-03 23:40:44,80000000000.0,30.96,mp4,10000000000.0,Miss
http://localhost:5000/video/item_83.mp4,5,8351,2024-09-03 23:33:44,50000000000.0,83.51,mp4,10000000000.0,Hit
http://localhost:5000/video/item_39.mp4,8,8574,2024-09-03 23:09:27,80000000000.0,85.74,mp4,10000000000.0,Hit
http://localhost:5000/video/item_96.mp4,8,3428,2024-09-03 23:15:43,80000000000.0,34.28,mp4,10000000000.0,Hit
http://localhost:5000/video/item_90.mp4,4,4147,2024-09-03 23:12:50,40000000000.0,41.47,mp4,10000000000.0,Miss
http://localhost:5000/video/item_24.mp4,6,3863,2024-09-03 23:54:06,60000000000.0,38.63,mp4,10000000000.0,Miss
http://localhost:5000/video/item_19.mp4,5,9030,2024-09-03 23:48:40,50000000000.0,90.3,mp4,10000000000.0,Hit
http://localhost:5000/video/item_4.mp4,6,4415,2024-09-03 23:06:30,60000000000.0,44.15,mp4,10000000000.0,Hit
http://localhost:5000/video/item_6.mp4,7,3185,2024-09-03 23:31:25,70000000000.0,31.85,mp4,10000000000.0,Hit
http://localhost:5000/video/item_85.mp4,8,8858,2024-09-03 23:28:27,80000000000.0,88.58,mp4,10000000000.0,Hit
http://localhost:5000/video/item_97.mp4,10,1884,2024-09-03 23:04:44,100000000000.0,18.84,mp4,10000000000.0,Miss
http://localhost:5000/video/item_45.mp4,8,6953,2024-09-03 23:03:33,80000000000.0,69.53,mp4,10000000000.0,Hit
http://localhost:5000/video/item_71.mp4,7,5495,2024-09-03 23:21:57,70000000000.0,54.95,mp4,10000000000.0,Hit
http://localhost:5000/video/item_2.mp4,8,9387,2024-09-03 23:08:58,80000000000.0,93.87,mp4,10000000000.0,Hit
http://localhost:5000/video/item_55.mp4,8,9662,2024-09-03 23:30:16,80000000000.0,96.62,mp4,10000000000.0,Hit
http://localhost:5000/video/item_9.mp4,6,1641,2024-09-03 23:31:43,60000000000.0,16.41,mp4,10000000000.0,Hit
http://localhost:5000/video/item_69.mp4,6,7610,2024-09-03 23:57:47,60000000000.0,76.10000000000001,mp4,10000000000.0,Miss
http://localhost:5000/video/item_38.mp4,6,7988,2024-09-03 23:30:02,60000000000.0,79.88,mp4,10000000000.0,Hit
http://localhost:5000/video/item_97.mp4,10,6343,2024-09-03 23:31:11,100000000000.0,63.43,mp4,10000000000.0,Hit
http://localhost:5000/video/item_67.mp4,7,7308,2024-09-03 23:34:54,70000000000.0,73.08,mp4,10000000000.0,Hit
http://localhost:5000/video/item_82.mp4,6,7999,2024-09-03 22:58:56,60000000000.0,79.99,mp4,10000000000.0,Hit
http://localhost:5000/video/item_2.mp4,8,6389,2024-09-03 23:02:16,80000000000.0,63.89,mp4,10000000000.0,Hit
http://localhost:5000/video/item_38.mp4,6,2543,2024-09-03 23:47:10,60000000000.0,25.43,mp4,10000000000.0,Hit
http://localhost:5000/video/item_13.mp4,10,2747,2024-09-03 23:22:27,100000000000.0,27.47,mp4,10000000000.0,Miss
http://localhost:5000/video/item_17.mp4,4,6021,2024-09-03 23:31:06,40000000000.0,60.21,mp4,10000000000.0,Miss
http://localhost:5000/video/item_37.mp4,5,4139,2024-09-03 23:45:11,50000000000.0,41.39,mp4,10000000000.0,Hit
http://localhost:5000/video/item_1.mp4,6,4510,2024-09-03 23:14:54,60000000000.0,45.1,mp4,10000000000.0,Miss
http://localhost:5000/video/item_82.mp4,6,4581,2024-09-03 23:31:35,60000000000.0,45.81,mp4,10000000000.0,Hit
http://localhost:5000/video/item_23.mp4,4,1258,2024-09-03 23:00:34,40000000000.0,12.58,mp4,10000000000.0,Hit
http://localhost:5000/video/item_8.mp4,9,6041,2024-09-03 23:58:26,90000000000.0,60.410000000000004,mp4,10000000000.0,Hit
http://localhost:5000/video/item_76.mp4,3,2873,2024-09-03 23:51:11,30000000000.0,28.73,mp4,10000000000.0,Miss
http://localhost:5000/video/item_85.mp4,8,4942,2024-09-03 23:57:27,80000000000.0,49.42,mp4,10000000000.0,Hit
http://localhost:5000/video/item_4.mp4,6,4657,2024-09-03 23:19:45,60000000000.0,46.57,mp4,10000000000.0,Hit
http://localhost:5000/video/item_14.mp4,6,9914,2024-09-03 23:30:09,60000000000.0,99.14,mp4,10000000000.0,Hit
http://localhost:5000/video/item_98.mp4,4,4214,2024-09-03 23:09:26,40000000000.0,42.14,mp4,10000000000.0,Hit
http://localhost:5000/video/item_96.mp4,8,3020,2024-09-03 23:46:56,80000000000.0,30.2,mp4,10000000000.0,Hit
http://localhost:5000/video/item_39.mp4,8,4675,2024-09-03 23:32:41,80000000000.0,46.75,mp4,10000000000.0,Hit
http://localhost:5000/video/item_47.mp4,5,4475,2024-09-03 23:55:54,50000000000.0,44.75,mp4,10000000000.0,Miss
http://localhost:5000/video/item_49.mp4,4,9253,2024-09-03 23:06:44,40000000000.0,92.53,mp4,10000000000.0,Miss
http://localhost:5000/video/item_13.mp4,10,3787,2024-09-03 23:08:31,100000000000.0,37.87,mp4,10000000000.0,Hit
http://localhost:5000/video/item_0.mp4,7,2691,2024-09-03 23:15:21,70000000000.0,26.91,mp4,10000000000.0,Hit
http://localhost:5000/video/item_15.mp4,3,8984,2024-09-03 23:15:39,30000000000.0,89.84,mp4,10000000000.0,Miss
http://localhost:5000/video/item_90.mp4,4,6584,2024-09-03 23:13:40,40000000000.0,65.84,mp4,10000000000.0,Hit
http://localhost:5000/video/item_2.mp4,8,2056,2024-09-03 23:45:33,80000000000.0,20.56,mp4,10000000000.0,Hit
http://localhost:5000/video/item_3.mp4,3,9303,2024-09-03 23:19:25,30000000000.0,93.03,mp4,10000000000.0,Hit
http://localhost:5000/video/item_58.mp4,8,4437,2024-09-03 23:16:39,80000000000.0,44.37,mp4,10000000000.0,Hit
http://localhost:5000/video/item_17.mp4,4,2798,2024-09-03 23:14:05,40000000000.0,27.98,mp4,10000000000.0,Hit
http://localhost:5000/video/item_96.mp4,8,7706,2024-09-03 23:47:17,80000000000.0,77.06,mp4,10000000000.0,Hit
http://localhost:5000/video/item_28.mp4,6,3722,2024-09-03 22:59:03,60000000000.0,37.22,mp4,10000000000.0,Miss
http://localhost:5000/video/item_9.mp4,6,8769,2024-09-03 23:37:31,60000000000.0,87.69,mp4,10000000000.0,Hit
http://localhost:5000/video/item_60.mp4,7,8905,2024-09-03 22:59:48,70000000000.0,89.05,mp4,10000000000.0,Hit
http://localhost:5000/video/item_50.mp4,9,4406,2024-09-03 23:01:01,90000000000.0,44.06,mp4,10000000000.0,Hit
http://localhost:5000/video/item_96.mp4,8,4838,2024-09-03 23:57:11,80000000000.0,48.38,mp4,10000000000.0,Hit
http://localhost:5000/video/item_80.mp4,4,7053,2024-09-03 23:09:08,40000000000.0,70.53,mp4,10000000000.0,Hit
http://localhost:5000/video/item_69.mp4,6,8714,2024-09-03 23:37:18,60000000000.0,87.14,mp4,10000000000.0,Hit
http://localhost:5000/video/item_41.mp4,4,6271,2024-09-03 23:42:10,40000000000.0,62.71,mp4,10000000000.0,Hit
http://localhost:5000/video/item_77.mp4,1,5512,2024-09-03 23:20:50,10000000000.0,55.120000000000005,mp4,10000000000.0,Miss
http://localhost:5000/video/item_18.mp4,6,8241,2024-09-03 23:40:57,60000000000.0,82.41,mp4,10000000000.0,Hit
http://localhost:5000/video/item_70.mp4,8,8892,2024-09-03 23:23:06,80000000000.0,88.92,mp4,10000000000.0,Hit
http://localhost:5000/video/item_39.mp4,8,3433,2024-09-03 23:09:10,80000000000.0,34.33,mp4,10000000000.0,Hit
http://localhost:5000/video/item_5.mp4,5,4573,2024-09-03 23:12:54,50000000000.0,45.730000000000004,mp4,10000000000.0,Hit
http://localhost:5000/video/item_24.mp4,6,1368,2024-09-03 23:01:11,60000000000.0,13.68,mp4,10000000000.0,Hit
http://localhost:5000/video/item_89.mp4,7,6008,2024-09-03 23:55:25,70000000000.0,60.08,mp4,10000000000.0,Hit
http://localhost:5000/video/item_0.mp4,7,6900,2024-09-03 23:51:13,70000000000.0,69.0,mp4,10000000000.0,Hit
http://localhost:5000/video/item_21.mp4,8,8595,2024-09-03 23:48:18,80000000000.0,85.95,mp4,10000000000.0,Hit
http://localhost:5000/video/item_86.mp4,4,1609,2024-09-03 23:53:51,40000000000.0,16.09,mp4,10000000000.0,Miss
http://localhost:5000/video/item_24.mp4,6,5018,2024-09-03 23:08:39,60000000000.0,50.18,mp4,10000000000.0,Hit
http://localhost:5000/video/item_93.mp4,5,9427,2024-09-03 23:55:57,50000000000.0,94.27,mp4,10000000000.0,Hit
http://localhost:5000/video/item_17.mp4,4,7213,2024-09-03 23:14:14,40000000000.0,72.13,mp4,10000000000.0,Miss
http://localhost:5000/video/item_99.mp4,2,3912,2024-09-03 23:46:39,20000000000.0,39.12,mp4,10000000000.0,Hit
http://localhost:5000/video/item_37.mp4,5,1692,2024-09-03 23:48:49,50000000000.0,16.92,mp4,10000000000.0,Hit
http://localhost:5000/video/item_29.mp4,6,8915,2024-09-03 23:07:07,60000000000.0,89.15,mp4,10000000000.0,Miss
http://localhost:5000/video/item_22.mp4,6,6489,2024-09-03 23:13:34,60000000000.0,64.89,mp4,10000000000.0,Miss
http://localhost:5000/video/item_73.mp4,7,2722,2024-09-03 23:50:57,70000000000.0,27.22,mp4,10000000000.0,Hit
http://localhost:5000/video/item_25.mp4,3,4640,2024-09-03 23:58:35,30000000000.0,46.4,mp4,10000000000.0,Miss
http://localhost:5000/video/item_89.mp4,7,1360,2024-09-03 23:06:19,70000000000.0,13.6,mp4,10000000000.0,Hit
http://localhost:5000/video/item_6.mp4,7,6493,2024-09-03 23:13:00,70000000000.0,64.93,mp4,10000000000.0,Hit
http://localhost:5000/video/item_47.mp4,5,7570,2024-09-03 23:54:47,50000000000.0,75.7,mp4,10000000000.0,Hit
http://localhost:5000/video/item_44.mp4,3,8193,2024-09-03 23:03:18,30000000000.0,81.93,mp4,10000000000.0,Miss
http://localhost:5000/video/item_30.mp4,6,2518,2024-09-03 23:50:38,60000000000.0,25.18,mp4,10000000000.0,Miss
http://localhost:5000/video/item_81.mp4,4,4023,2024-09-03 23:55:46,40000000000.0,40.230000000000004,mp4,10000000000.0,Hit
http://localhost:5000/video/item_2.mp4,8,8561,2024-09-03 23:30:34,80000000000.0,85.61,mp4,10000000000.0,Hit
http://localhost:5000/video/item_15.mp4,3,1165,2024-09-03 23:15:41,30000000000.0,11.65,mp4,10000000000.0,Hit
http://localhost:5000/video/item_26.mp4,6,3302,2024-09-03 23:13:47,60000000000.0,33.02,mp4,10000000000.0,Hit
http://localhost:5000/video/item_46.mp4,5,8233,2024-09-03 23:38:54,50000000000.0,82.33,mp4,10000000000.0,Hit
http://localhost:5000/video/item_1.mp4,6,1171,2024-09-03 23:37:27,60000000000.0,11.71,mp4,10000000000.0,Hit
http://localhost:5000/video/item_35.mp4,4,1054,2024-09-03 23:31:11,40000000000.0,10.540000000000001,mp4,10000000000.0,Miss
http://localhost:5000/video/item_8.mp4,9,7302,2024-09-03 23:58:38,90000000000.0,73.02,mp4,10000000000.0,Hit
http://localhost:5000/video/item_4.mp4,6,4580,2024-09-03 23:28:52,60000000000.0,45.800000000000004,mp4,10000000000.0,Hit
http://localhost:5000/video/item_5.mp4,5,6488,2024-09-03 22:59:51,50000000000.0,64.88,mp4,10000000000.0,Hit
http://localhost:5000/video/item_54.mp4,7,2008,2024-09-03 23:21:16,70000000000.0,20.080000000000002,mp4,10000000000.0,Hit
http://localhost:5000/video/item_13.mp4,10,2209,2024-09-03 23:33:21,100000000000.0,22.09,mp4,10000000000.0,Hit
http://localhost:5000/video/item_38.mp4,6,4677,2024-09-03 23:23:39,60000000000.0,46.77,mp4,10000000000.0,Hit
http://localhost:5000/video/item_45.mp4,8,9252,2024-09-03 23:52:24,80000000000.0,92.52,mp4,10000000000.0,Hit
http://localhost:5000/video/item_55.mp4,8,7009,2024-09-03 23:53:52,80000000000.0,70.09,mp4,10000000000.0,Hit
http://localhost:5000/video/item_29.mp4,6,5244,2024-09-03 23:17:14,60000000000.0,52.44,mp4,10000000000.0,Hit
http://localhost:5000/video/item_23.mp4,4,7955,2024-09-03 23:44:52,40000000000.0,79.55,mp4,10000000000.0,Hit
http://localhost:5000/video/item_50.mp4,9,7904,2024-09-03 23:06:08,90000000000.0,79.04,mp4,10000000000.0,Hit
http://localhost:5000/video/item_87.mp4,7,7813,2024-09-03 23:30:43,70000000000.0,78.13,mp4,10000000000.0,Hit
http://localhost:5000/video/item_29.mp4,6,8518,2024-09-03 23:39:50,60000000000.0,85.18,mp4,10000000000.0,Hit
http://localhost:5000/video/item_21.mp4,8,8667,2024-09-03 23:31:25,80000000000.0,86.67,mp4,10000000000.0,Hit
http://localhost:5000/video/item_28.mp4,6,2989,2024-09-03 23:22:58,60000000000.0,29.89,mp4,10000000000.0,Hit
http://localhost:5000/video/item_44.mp4,3,9117,2024-09-03 22:59:42,30000000000.0,91.17,mp4,10000000000.0,Hit
http://localhost:5000/video/item_73.mp4,7,9112,2024-09-03 23:38:09,70000000000.0,91.12,mp4,10000000000.0,Hit
http://localhost:5000/video/item_5.mp4,5,2332,2024-09-03 23:03:54,50000000000.0,23.32,mp4,10000000000.0,Hit
http://localhost:5000/video/item_62.mp4,4,8270,2024-09-03 23:39:40,40000000000.0,82.7,mp4,10000000000.0,Hit
http://localhost:5000/video/item_71.mp4,7,3571,2024-09-03 23:39:03,70000000000.0,35.71,mp4,10000000000.0,Hit
http://localhost:5000/video/item_22.mp4,6,2415,2024-09-03 23:35:40,60000000000.0,24.150000000000002,mp4,10000000000.0,Hit
http://localhost:5000/video/item_52.mp4,6,1997,2024-09-03 23:26:22,60000000000.0,19.97,mp4,10000000000.0,Hit
http://localhost:5000/video/item_71.mp4,7,9960,2024-09-03 23:56:10,70000000000.0,99.60000000000001,mp4,10000000000.0,Hit
http://localhost:5000/video/item_19.mp4,5,6492,2024-09-03 23:41:14,50000000000.0,64.92,mp4,10000000000.0,Hit
http://localhost:5000/video/item_11.mp4,7,6360,2024-09-03 23:34:42,70000000000.0,63.6,mp4,10000000000.0,Hit
http://localhost:5000/video/item_64.mp4,4,9475,2024-09-03 23:32:51,40000000000.0,94.75,mp4,10000000000.0,Miss
http://localhost:5000/video/item_42.mp4,4,8288,2024-09-03 23:00:07,40000000000.0,82.88,mp4,10000000000.0,Miss
http://localhost:5000/video/item_55.mp4,8,1796,2024-09-03 23:47:55,80000000000.0,17.96,mp4,10000000000.0,Hit
http://localhost:5000/video/item_31.mp4,2,8785,2024-09-03 23:04:20,20000000000.0,87.85000000000001,mp4,10000000000.0,Miss
http://localhost:5000/video/item_9.mp4,6,2563,2024-09-03 23:40:44,60000000000.0,25.63,mp4,10000000000.0,Hit
http://localhost:5000/video/item_35.mp4,4,9271,2024-09-03 23:03:46,40000000000.0,92.71000000000001,mp4,10000000000.0,Hit
http://localhost:5000/video/item_60.mp4,7,6423,2024-09-03 23:31:08,70000000000.0,64.23,mp4,10000000000.0,Hit
http://localhost:5000/video/item_96.mp4,8,7913,2024-09-03 23:07:16,80000000000.0,79.13,mp4,10000000000.0,Hit
http://localhost:5000/video/item_50.mp4,9,5562,2024-09-03 23:26:02,90000000000.0,55.620000000000005,mp4,10000000000.0,Hit
http://localhost:5000/video/item_33.mp4,5,9781,2024-09-03 23:25:41,50000000000.0,97.81,mp4,10000000000.0,Hit
http://localhost:5000/video/item_28.mp4,6,2025,2024-09-03 23:13:12,60000000000.0,20.25,mp4,10000000000.0,Hit
http://localhost:5000/video/item_55.mp4,8,3225,2024-09-03 23:29:48,80000000000.0,32.25,mp4,10000000000.0,Hit
http://localhost:5000/video/item_47.mp4,5,1024,2024-09-03 23:37:13,50000000000.0,10.24,mp4,10000000000.0,Hit
http://localhost:5000/video/item_39.mp4,8,2736,2024-09-03 23:32:44,80000000000.0,27.36,mp4,10000000000.0,Hit
http://localhost:5000/video/item_14.mp4,6,4710,2024-09-03 23:05:57,60000000000.0,47.1,mp4,10000000000.0,Hit
http://localhost:5000/video/item_97.mp4,10,9150,2024-09-03 23:17:24,100000000000.0,91.5,mp4,10000000000.0,Hit
http://localhost:5000/video/item_48.mp4,3,3644,2024-09-03 23:54:23,30000000000.0,36.44,mp4,10000000000.0,Miss
http://localhost:5000/video/item_75.mp4,2,9147,2024-09-03 23:29:13,20000000000.0,91.47,mp4,10000000000.0,Miss
http://localhost:5000/video/item_98.mp4,4,7561,2024-09-03 23:52:03,40000000000.0,75.61,mp4,10000000000.0,Hit
http://localhost:5000/video/item_6.mp4,7,8448,2024-09-03 23:31:58,70000000000.0,84.48,mp4,10000000000.0,Hit
http://localhost:5000/video/item_47.mp4,5,6776,2024-09-03 23:42:10,50000000000.0,67.76,mp4,10000000000.0,Hit
http://localhost:5000/video/item_3.mp4,3,7547,2024-09-03 23:32:32,30000000000.0,75.47,mp4,10000000000.0,Hit
http://localhost:5000/video/item_87.mp4,7,3836,2024-09-03 23:22:33,70000000000.0,38.36,mp4,10000000000.0,Hit
http://localhost:5000/video/item_39.mp4,8,1270,2024-09-03 23:36:03,80000000000.0,12.700000000000001,mp4,10000000000.0,Hit
http://localhost:5000/video/item_85.mp4,8,8740,2024-09-03 23:29:23,80000000000.0,87.4,mp4,10000000000.0,Miss
http://localhost:5000/video/item_71.mp4,7,5730,2024-09-03 23:01:00,70000000000.0,57.300000000000004,mp4,10000000000.0,Hit
http://localhost:5000/video/item_27.mp4,3,7198,2024-09-03 23:30:07,30000000000.0,71.98,mp4,10000000000.0,Miss
http://localhost:5000/video/item_0.mp4,7,7168,2024-09-03 23:07:09,70000000000.0,71.68,mp4,10000000000.0,Hit
http://localhost:5000/video/item_7.mp4,5,6812,2024-09-03 23:28:20,50000000000.0,68.12,mp4,10000000000.0,Miss
http://localhost:5000/video/item_57.mp4,4,1342,2024-09-03 23:24:50,40000000000.0,13.42,mp4,10000000000.0,Miss
http://localhost:5000/video/item_57.mp4,4,9791,2024-09-03 23:33:45,40000000000.0,97.91,mp4,10000000000.0,Hit
http://localhost:5000/video/item_87.mp4,7,2641,2024-09-03 23:35:32,70000000000.0,26.41,mp4,10000000000.0,Hit
http://localhost:5000/video/item_73.mp4,7,2719,2024-09-03 23:45:49,70000000000.0,27.19,mp4,10000000000.0,Hit
http://localhost:5000/video/item_42.mp4,4,5252,2024-09-03 23:20:38,40000000000.0,52.52,mp4,10000000000.0,Hit
http://localhost:5000/video/item_59.mp4,2,3607,2024-09-03 23:17:04,20000000000.0,36.07,mp4,10000000000.0,Miss
http://localhost:5000/video/item_69.mp4,6,4648,2024-09-03 23:08:08,60000000000.0,46.480000000000004,mp4,10000000000.0,Hit
http://localhost:5000/video/item_61.mp4,3,7677,2024-09-03 23:49:18,30000000000.0,76.77,mp4,10000000000.0,Miss
http://localhost:5000/video/item_1.mp4,6,9443,2024-09-03 23:11:05,60000000000.0,94.43,mp4,10000000000.0,Hit
http://localhost:5000/video/item_41.mp4,4,6539,2024-09-03 23:30:39,40000000000.0,65.39,mp4,10000000000.0,Hit
http://localhost:5000/video/item_73.mp4,7,4946,2024-09-03 23:52:00,70000000000.0,49.46,mp4,10000000000.0,Hit
http://localhost:5000/video/item_6.mp4,7,7678,2024-09-03 23:32:00,70000000000.0,76.78,mp4,10000000000.0,Hit
http://localhost:5000/video/item_84.mp4,3,2726,2024-09-03 23:06:58,30000000000.0,27.26,mp4,10000000000.0,Miss
http://localhost:5000/video/item_49.mp4,4,7791,2024-09-03 23:25:38,40000000000.0,77.91,mp4,10000000000.0,Miss
http://localhost:5000/video/item_12.mp4,3,5304,2024-09-03 23:38:19,30000000000.0,53.04,mp4,10000000000.0,Miss
http://localhost:5000/video/item_24.mp4,6,9098,2024-09-03 23:06:57,60000000000.0,90.98,mp4,10000000000.0,Hit
http://localhost:5000/video/item_74.mp4,4,8500,2024-09-03 23:08:13,40000000000.0,85.0,mp4,10000000000.0,Miss
http://localhost:5000/video/item_53.mp4,5,8443,2024-09-03 23:56:45,50000000000.0,84.43,mp4,10000000000.0,Miss
http://localhost:5000/video/item_86.mp4,4,6363,2024-09-03 23:47:37,40000000000.0,63.63,mp4,10000000000.0,Hit
http://localhost:5000/video/item_45.mp4,8,5163,2024-09-03 23:14:10,80000000000.0,51.63,mp4,10000000000.0,Hit
http://localhost:5000/video/item_82.mp4,6,5767,2024-09-03 23:50:11,60000000000.0,57.67,mp4,10000000000.0,Miss
http://localhost:5000/video/item_63.mp4,6,5857,2024-09-03 23:45:03,60000000000.0,58.57,mp4,10000000000.0,Miss
http://localhost:5000/video/item_39.mp4,8,4025,2024-09-03 23:22:05,80000000000.0,40.25,mp4,10000000000.0,Hit
http://localhost:5000/video/item_58.mp4,8,3954,2024-09-03 23:07:27,80000000000.0,39.54,mp4,10000000000.0,Hit
http://localhost:5000/video/item_13.mp4,10,3003,2024-09-03 23:26:08,100000000000.0,30.03,mp4,10000000000.0,Hit
http://localhost:5000/video/item_32.mp4,6,2508,2024-09-03 23:19:30,60000000000.0,25.080000000000002,mp4,10000000000.0,Miss
http://localhost:5000/video/item_45.mp4,8,1310,2024-09-03 23:19:19,80000000000.0,13.1,mp4,10000000000.0,Hit
http://localhost:5000/video/item_36.mp4,6,3230,2024-09-03 23:57:07,60000000000.0,32.3,mp4,10000000000.0,Miss
http://localhost:5000/video/item_18.mp4,6,4367,2024-09-03 23:03:09,60000000000.0,43.67,mp4,10000000000.0,Hit
http://localhost:5000/video/item_36.mp4,6,6688,2024-09-03 23:15:54,60000000000.0,66.88,mp4,10000000000.0,Hit
http://localhost:5000/video/item_69.mp4,6,6487,2024-09-03 23:06:33,60000000000.0,64.87,mp4,10000000000.0,Hit
http://localhost:5000/video/item_9.mp4,6,1176,2024-09-03 23:05:11,60000000000.0,11.76,mp4,10000000000.0,Hit
http://localhost:5000/video/item_49.mp4,4,9857,2024-09-03 23:08:10,40000000000.0,98.57000000000001,mp4,10000000000.0,Hit
http://localhost:5000/video/item_68.mp4,4,7452,2024-09-03 23:32:39,40000000000.0,74.52,mp4,10000000000.0,Miss
http://localhost:5000/video/item_79.mp4,5,9634,2024-09-03 23:06:38,50000000000.0,96.34,mp4,10000000000.0,Miss
http://localhost:5000/video/item_67.mp4,7,1357,2024-09-03 23:06:36,70000000000.0,13.57,mp4,10000000000.0,Miss
http://localhost:5000/video/item_21.mp4,8,3636,2024-09-03 23:55:09,80000000000.0,36.36,mp4,10000000000.0,Hit
http://localhost:5000/video/item_69.mp4,6,3345,2024-09-03 23:18:45,60000000000.0,33.45,mp4,10000000000.0,Hit
http://localhost:5000/video/item_19.mp4,5,8706,2024-09-03 23:43:00,50000000000.0,87.06,mp4,10000000000.0,Hit
http://localhost:5000/video/item_32.mp4,6,3573,2024-09-03 23:07:09,60000000000.0,35.730000000000004,mp4,10000000000.0,Hit
http://localhost:5000/video/item_29.mp4,6,4992,2024-09-03 23:36:59,60000000000.0,49.92,mp4,10000000000.0,Hit
http://localhost:5000/video/item_4.mp4,6,2792,2024-09-03 23:08:58,60000000000.0,27.92,mp4,10000000000.0,Hit
http://localhost:5000/video/item_28.mp4,6,1404,2024-09-03 23:51:17,60000000000.0,14.040000000000001,mp4,10000000000.0,Hit
http://localhost:5000/video/item_85.mp4,8,1992,2024-09-03 23:41:34,80000000000.0,19.92,mp4,10000000000.0,Hit
http://localhost:5000/video/item_36.mp4,6,1714,2024-09-03 23:25:04,60000000000.0,17.14,mp4,10000000000.0,Hit
http://localhost:5000/video/item_60.mp4,7,2297,2024-09-03 23:19:55,70000000000.0,22.97,mp4,10000000000.0,Hit
http://localhost:5000/video/item_66.mp4,1,7472,2024-09-03 23:29:27,10000000000.0,74.72,mp4,10000000000.0,Miss
http://localhost:5000/video/item_40.mp4,3,9884,2024-09-03 23:41:02,30000000000.0,98.84,mp4,10000000000.0,Miss
http://localhost:5000/video/item_42.mp4,4,6284,2024-09-03 23:09:27,40000000000.0,62.84,mp4,10000000000.0,Hit
http://localhost:5000/video/item_94.mp4,4,1828,2024-09-03 23:21:18,40000000000.0,18.28,mp4,10000000000.0,Miss
http://localhost:5000/video/item_50.mp4,9,3814,2024-09-03 23:41:14,90000000000.0,38.14,mp4,10000000000.0,Hit
http://localhost:5000/video/item_84.mp4,3,6737,2024-09-03 23:30:59,30000000000.0,67.37,mp4,10000000000.0,Hit
http://localhost:5000/video/item_90.mp4,4,1407,2024-09-03 23:19:48,40000000000.0,14.07,mp4,10000000000.0,Miss
http://localhost:5000/video/item_46.mp4,5,8040,2024-09-03 23:26:37,50000000000.0,80.4,mp4,10000000000.0,Hit
http://localhost:5000/video/item_46.mp4,5,1743,2024-09-03 23:31:21,50000000000.0,17.43,mp4,10000000000.0,Hit
http://localhost:5000/video/item_65.mp4,7,4288,2024-09-03 23:42:35,70000000000.0,42.88,mp4,10000000000.0,Miss
http://localhost:5000/video/item_96.mp4,8,6063,2024-09-03 23:46:18,80000000000.0,60.63,mp4,10000000000.0,Hit
http://localhost:5000/video/item_89.mp4,7,9371,2024-09-03 23:14:14,70000000000.0,93.71000000000001,mp4,10000000000.0,Hit
http://localhost:5000/video/item_51.mp4,3,2482,2024-09-03 23:16:56,30000000000.0,24.82,mp4,10000000000.0,Miss
http://localhost:5000/video/item_18.mp4,6,4110,2024-09-03 23:03:09,60000000000.0,41.1,mp4,10000000000.0,Hit
http://localhost:5000/video/item_36.mp4,6,9101,2024-09-03 23:26:04,60000000000.0,91.01,mp4,10000000000.0,Hit
http://localhost:5000/video/item_26.mp4,6,4451,2024-09-03 23:05:23,60000000000.0,44.51,mp4,10000000000.0,Hit
http://localhost:5000/video/item_28.mp4,6,1467,2024-09-03 23:31:26,60000000000.0,14.67,mp4,10000000000.0,Hit
http://localhost:5000/video/item_70.mp4,8,1867,2024-09-03 23:16:37,80000000000.0,18.67,mp4,10000000000.0,Hit
http://localhost:5000/video/item_50.mp4,9,8312,2024-09-03 23:20:51,90000000000.0,83.12,mp4,10000000000.0,Hit
http://localhost:5000/video/item_35.mp4,4,9271,2024-09-03 23:38:42,40000000000.0,92.71000000000001,mp4,10000000000.0,Hit
http://localhost:5000/video/item_32.mp4,6,7845,2024-09-03 23:31:11,60000000000.0,78.45,mp4,10000000000.0,Hit
http://localhost:5000/video/item_47.mp4,5,2653,2024-09-03 23:41:13,50000000000.0,26.53,mp4,10000000000.0,Hit
http://localhost:5000/video/item_89.mp4,7,3773,2024-09-03 23:08:16,70000000000.0,37.730000000000004,mp4,10000000000.0,Hit
http://localhost:5000/video/item_16.mp4,5,9701,2024-09-03 23:57:05,50000000000.0,97.01,mp4,10000000000.0,Miss
http://localhost:5000/video/item_27.mp4,3,6456,2024-09-03 23:51:31,30000000000.0,64.56,mp4,10000000000.0,Hit
http://localhost:5000/video/item_30.mp4,6,7906,2024-09-03 23:13:58,60000000000.0,79.06,mp4,10000000000.0,Hit
http://localhost:5000/video/item_44.mp4,3,6552,2024-09-03 23:56:16,30000000000.0,65.52,mp4,10000000000.0,Hit
http://localhost:5000/video/item_7.mp4,5,4680,2024-09-03 23:44:37,50000000000.0,46.800000000000004,mp4,10000000000.0,Hit
http://localhost:5000/video/item_10.mp4,4,7217,2024-09-03 23:14:27,40000000000.0,72.17,mp4,10000000000.0,Miss
http://localhost:5000/video/item_49.mp4,4,7564,2024-09-03 23:54:09,40000000000.0,75.64,mp4,10000000000.0,Hit
http://localhost:5000/video/item_65.mp4,7,3554,2024-09-03 23:00:06,70000000000.0,35.54,mp4,10000000000.0,Hit
http://localhost:5000/video/item_70.mp4,8,7291,2024-09-03 23:01:45,80000000000.0,72.91,mp4,10000000000.0,Hit
http://localhost:5000/video/item_25.mp4,3,3870,2024-09-03 23:57:54,30000000000.0,38.7,mp4,10000000000.0,Hit
http://localhost:5000/video/item_45.mp4,8,7709,2024-09-03 23:20:46,80000000000.0,77.09,mp4,10000000000.0,Hit
http://localhost:5000/video/item_58.mp4,8,7359,2024-09-03 23:25:26,80000000000.0,73.59,mp4,10000000000.0,Hit
http://localhost:5000/video/item_28.mp4,6,2333,2024-09-03 23:46:45,60000000000.0,23.330000000000002,mp4,10000000000.0,Hit
http://localhost:5000/video/item_8.mp4,9,3359,2024-09-03 23:46:45,90000000000.0,33.59,mp4,10000000000.0,Hit
http://localhost:5000/video/item_24.mp4,6,4448,2024-09-03 23:36:47,60000000000.0,44.480000000000004,mp4,10000000000.0,Hit
http://localhost:5000/video/item_54.mp4,7,4090,2024-09-03 23:15:49,70000000000.0,40.9,mp4,10000000000.0,Hit
http://localhost:5000/video/item_32.mp4,6,7975,2024-09-03 23:06:50,60000000000.0,79.75,mp4,10000000000.0,Hit
http://localhost:5000/video/item_65.mp4,7,6733,2024-09-03 23:11:58,70000000000.0,67.33,mp4,10000000000.0,Hit
http://localhost:5000/video/item_16.mp4,5,8383,2024-09-03 23:29:17,50000000000.0,83.83,mp4,10000000000.0,Hit
